{
  "nodes": {
      "A": {
          "position": {
              "x": 250,
              "y": 100
          },
          "style": {
              "radius": 30,
              "fill": {
                  "_value": 15582080,
                  "_components": {
                      "0": 0.929411768913269,
                      "1": 0.7647058963775635,
                      "2": 0.501960813999176,
                      "3": 1
                  },
                  "_int": 15582080
              },
              "strokeWidth": 3,
              "stroke": {
                  "_value": 861501,
                  "_components": {
                      "0": 0.05098039284348488,
                      "1": 0.14509804546833038,
                      "2": 0.239215686917305,
                      "3": 1
                  },
                  "_int": 861501
              },
              "showLabel": true,
              "doubleBorder": {
                  "_value": 861501,
                  "_components": {
                      "0": 0.05098039284348488,
                      "1": 0.14509804546833038,
                      "2": 0.239215686917305,
                      "3": 1
                  },
                  "_int": 861501
              }
          }
      },
      "B": {
          "position": {
              "x": 300,
              "y": 600
          },
          "style": {
              "radius": 30,
              "fill": {
                  "_value": 15582080,
                  "_components": {
                      "0": 0.929411768913269,
                      "1": 0.7647058963775635,
                      "2": 0.501960813999176,
                      "3": 1
                  },
                  "_int": 15582080
              },
              "strokeWidth": 3,
              "stroke": {
                  "_value": 861501,
                  "_components": {
                      "0": 0.05098039284348488,
                      "1": 0.14509804546833038,
                      "2": 0.239215686917305,
                      "3": 1
                  },
                  "_int": 861501
              },
              "showLabel": true
          }
      },
      "C": {
          "position": {
              "x": 400,
              "y": 300
          },
          "style": {
              "radius": 30,
              "fill": {
                  "_value": 15582080,
                  "_components": {
                      "0": 0.929411768913269,
                      "1": 0.7647058963775635,
                      "2": 0.501960813999176,
                      "3": 1
                  },
                  "_int": 15582080
              },
              "strokeWidth": 3,
              "stroke": {
                  "_value": 861501,
                  "_components": {
                      "0": 0.05098039284348488,
                      "1": 0.14509804546833038,
                      "2": 0.239215686917305,
                      "3": 1
                  },
                  "_int": 861501
              },
              "showLabel": true
          }
      },
      "D": {
          "position": {
              "x": 600,
              "y": 400
          },
          "style": {
              "radius": 30,
              "fill": {
                  "_value": 15582080,
                  "_components": {
                      "0": 0.929411768913269,
                      "1": 0.7647058963775635,
                      "2": 0.501960813999176,
                      "3": 1
                  },
                  "_int": 15582080
              },
              "strokeWidth": 3,
              "stroke": {
                  "_value": 861501,
                  "_components": {
                      "0": 0.05098039284348488,
                      "1": 0.14509804546833038,
                      "2": 0.239215686917305,
                      "3": 1
                  },
                  "_int": 861501
              },
              "showLabel": true
          }
      }
  },
  "edges": [
      {
          "from": "A",
          "to": "B",
          "style": {
              "lineWidth": 5,
              "edgeLabel": "default",
              "stroke": {
                  "_value": 861501,
                  "_components": {
                      "0": 0.05098039284348488,
                      "1": 0.14509804546833038,
                      "2": 0.239215686917305,
                      "3": 1
                  },
                  "_int": 861501
              },
              "edgeWidth": 15
          }
      },
      {
          "from": "A",
          "to": "C",
          "style": {
              "lineWidth": 5,
              "stroke": {
                  "_value": 861501,
                  "_components": {
                      "0": 0.05098039284348488,
                      "1": 0.14509804546833038,
                      "2": 0.239215686917305,
                      "3": 1
                  },
                  "_int": 861501
              },
              "edgeLabel": "big",
              "arrow": {
                  "direction": "forward",
                  "position": "end",
                  "size": 20,
                  "width": 5,
                  "endOffset": 30
              }
          }
      },
      {
          "from": "B",
          "to": "D",
          "style": {
              "lineWidth": 5,
              "edgeLabel": "edge",
              "stroke": {
                  "_value": 861501,
                  "_components": {
                      "0": 0.05098039284348488,
                      "1": 0.14509804546833038,
                      "2": 0.239215686917305,
                      "3": 1
                  },
                  "_int": 861501
              },
              "edgeWidth": 15,
              "arrow": {
                  "direction": "forward",
                  "position": "middle",
                  "size": 20,
                  "width": 5
              }
          }
      },
      {
          "from": "C",
          "to": "D",
          "style": {
              "lineWidth": 5,
              "edgeLabel": "default",
              "stroke": {
                  "_value": 861501,
                  "_components": {
                      "0": 0.05098039284348488,
                      "1": 0.14509804546833038,
                      "2": 0.239215686917305,
                      "3": 1
                  },
                  "_int": 861501
              },
              "edgeWidth": 15
          }
      },
      {
          "from": "C",
          "to": "C",
          "style": {
              "lineWidth": 5,
              "stroke": {
                  "_value": 861501,
                  "_components": {
                      "0": 0.05098039284348488,
                      "1": 0.14509804546833038,
                      "2": 0.239215686917305,
                      "3": 1
                  },
                  "_int": 861501
              },
              "edgeLabel": "loop",
              "arrow": {
                  "direction": "forward",
                  "position": "middle",
                  "size": 20,
                  "width": 5
              }
          }
      }
  ]
}
